达菲主题商务酒店(北京大兴人民医院黄村西大街地铁站店),233,大兴北京新机场地区黄村镇兴华南路1号一、四至六层
喆啡酒店(北京顺义地铁站店),266,顺义温泉休闲区石园南大街18号院2号楼仁和商业大厦
柚米寓公寓(北京朝阳大悦城店),291,燕莎/朝阳公园商业区十里堡北区18号院1号楼
君轩堂民宿,287,亦庄地区十八里店老君堂公交站西北200米
喆啡酒店(北京平谷医院世纪广场店),186,平谷城区新平南路231号
云栈小院(北京大兴国际机场店),106,大兴北京新机场地区礼贤镇西郏河街南三条东一排1号
知和行青年酒店(朝阳高铁站十里堡地铁站店),85,燕莎/朝阳公园商业区八里庄北里305号楼三层
A+麒寓酒店(北京传媒大学管庄地区店),218,传媒大学/管庄地区双桥东路甲6号
秋果酒店(北京新国展首都机场三店),334,顺义温泉休闲区信中街12号院11号楼1层101、102室
北京日禾行政酒店(生物医药基地地铁站店),324,大兴北京新机场地区永旺路金科天辰荟1号院11号楼
十渡醉山水主题美宿,131,房山风景区十渡镇九渡村拒马乐园蹦极跳对面
璀璨阳光民宿(北京石景山万达台湾街店),211,公主坟/五棵松/石景山游乐园地区玉泉西里二区2号楼2单元2902室
WeLight逐光酒店(北京西直门店),194,西直门/北京展览馆地区新街口南大街25号
希岸·轻雅酒店(北京黄村西大街地铁站店),331,大兴北京新机场地区黄村镇兴丰大街86号物美广场
北京明珠酒店(北京大兴机场店),406,大兴北京新机场地区榆垡镇北京大兴国际机场天兴五街与航源路十字路口西北角南航城4号楼
时光漫步S酒店(北京房山大学城广阳城地铁站店),367,房山风景区辰光东路24号院1号楼
北京首都机场精选酒店(T3航站楼店),288,首都机场/新国展地区南平街岗山路12号A座
随遇酒店,342,门头沟/潭柘寺/妙峰山风景区曹各庄中路6号院3号楼
希岸酒店(北京大兴国际机场一店),270,大兴北京新机场地区庞各庄甜园路3号
非常印象江南居(北京十八里店地铁站店),302,欢乐谷游乐区十八里店乡老君堂村1256号-1一层
麗枫酒店(北京人民大学西门苏州桥地铁站店),617,中关村/五道口苏州街79号
飘HOME连锁酒店(北京国贸SKP店),498,国贸地区柴家湾5号楼南侧5栋1-3
柏纳酒店(北京西客站六里桥东地铁站店),398,北京西站/丽泽商务区太平桥西里1号楼塔楼东
康铂酒店(北京房山良乡大学城北地铁站店),298,房山风景区长阳镇辛瓜地路12号1号楼
有戏电影酒店(北京延庆高铁站妫水南街店),288,延庆休闲度假区妫水南街26号
八达岭岭上时光民宿,159,延庆休闲度假区八达岭岔道村68号
白鹿宾舍酒店(北京首都机场新国展店),252,首都机场/新国展地区首都机场新国展后
柏岭优选酒店(北京首都机场T3航站楼店),195,首都机场/新国展地区南半壁店村壁富路甲一号北区6号楼
米家青年酒店(北京传媒大学地铁站店),92,传媒大学/管庄地区定福庄中国传媒大学东2门南侧50米
美朋·轻奢酒店(北京垡头地铁站店),390,欢乐谷游乐区垡头路285号19号
福源小院(大兴机场店),119,大兴北京新机场地区礼贤镇东郏河村东源巷西一条5号
北京悦致居(门头沟上岸地铁站店),291,门头沟/潭柘寺/妙峰山风景区金沙西街远洋新天地7号楼1606
华泰饭店(北京劲松潘家园地铁站店),348,"劲松/潘家园地区东三环南路13号, 劲松东口"
糖巢酒店(北京房山长阳地铁站店),239,房山风景区康泽佳苑南区8号楼2层
北京白塔之光酒店,168,西单/金融街地区阜成门内大街185号
全季酒店(北京西站南广场店),888,北京西站/丽泽商务区广莲路甲5号
潮漫酒店(北京平谷千里马环岛店),175,平谷城区旧城街17号楼
古北德邻水镇精品别墅(古北口水镇景区店),163,古北水镇古北水镇次一路龙湖长城源著18号楼B101室
北京首都机场新国展亚朵酒店,508,首都机场/新国展地区天竺大街28号院2幢101内
都市驿家美宿(北京大兴国际机场店),140,大兴北京新机场地区礼贤镇董各庄村后街11号
康百纳酒店(北京西站六里桥店),403,北京西站/丽泽商务区莲花池西路16号金鑫大厦C座
飘HOME连锁酒店(北京酒仙桥朝阳高铁站店),481,望京/酒仙桥/798地区酒仙桥将台西路19号院3号楼
曾府酒店(北京延庆店),361,延庆休闲度假区湖北西路19号1幢
朗丽兹酒店(大兴龙湖天街生物医药基地地铁站店),275,大兴北京新机场地区新源大街51号
曜石酒店(北京朝阳高铁站店),388,燕莎/朝阳公园商业区石佛营东里138号
北京后海南锣鼓巷CitiGO欢阁酒店,1057,后海/南锣鼓巷地区地安门东大街89号
秋果酒店(北京新国展首都机场店),398,首都机场/新国展地区天竺中街2号
北京朗星途酒店,321,首都机场/新国展地区金盏南路蓝可可亲子乐园西门
北京大兴国际机场亚朵S酒店,596,大兴北京新机场地区苑景西二路2号院2号楼1楼
北京金地来商务会馆,172,密云城区新南路88号
桔子水晶北京国贸建国门酒店,891,国贸地区建国门外永安里中街25号2幢
枫林晚美宿(北京大兴国际机场店),162,大兴北京新机场地区礼贤镇董各庄村街3号
格林豪泰(北京首都机场T3馨港店),211,首都机场/新国展地区李桥镇李天路甲1号
北京岦岩酒店(德胜门鼓楼大街地铁站店),468,马甸/安贞地区安德路67号2号楼
北京大兴机场丽筠酒店,542,大兴北京新机场地区苑景西二路2号院4号楼
桔子水晶北京南锣鼓巷酒店,1121,后海/南锣鼓巷地区交道口南大街67号15号楼
如家酒店(北京燕莎新源里店),380,三里屯/工体/东直门地区新源西里中街12号
麗枫酒店(北京房山丰源大厦城关地铁站店),287,房山风景区城关东大街4号院1号楼5层、6层、7层
如家派柏·云酒店(北京西站万丰路301医院店),331,总部基地/丰台体育中心/南宫地区郑常庄326号
景里红驿栈酒店(北京东直门三里屯店),635,三里屯/工体/东直门地区东直门外春秀路太平庄10号院28号楼
北京嘉里大酒店,1626,国贸地区光华路1号
绿萝居公寓(北京望京SOHO悠乐汇店),395,望京/酒仙桥/798地区望京悠乐汇C座1层123室
米家酒店(北京天坛医院丰台火车站店),398,总部基地/丰台体育中心/南宫地区花乡樊家村辛庄88号3号楼
7天连锁酒店(北京通州环球临河里地铁站店),355,环球影城度假区及周边梨园南小街红绿灯东北角
北京首都机场东海康得思酒店,594,首都机场/新国展地区首都机场三号航站楼一经路1号
古北水镇望京楼酒店,1674,古北水镇古北水镇景区内汤河古寨区1号
北京逸岚云景精品酒店,450,"环球影城度假区及周边云景东路435, 437, 甲437号1至3层"
派酒店(北京昌平地铁站店),229,昌平城区/十三陵度假区鼓楼南大街38-2号
工美蓝孔雀商务酒店(北京西三旗店),270,上地产业园/西三旗西三旗桥北路西88号
格林豪泰智选酒店(北京首都机场新国展地铁站店),374,首都机场/新国展地区空港工业园A区天柱西路24号
北京国贸大酒店,2045.7,国贸地区建国门外大街1号 (前台位于64层)
秋果酒店(北京三元桥燕莎店),699,燕莎/朝阳公园商业区霄云路35号 (6-5) 44幢1号
连杰酒店(北京朝阳北路长楹天街店),448,传媒大学/管庄地区管庄路15号鑫兆佳园15号楼
景怡酒店(环球影城度假区九棵树地铁站店),325,环球影城度假区及周边云景西路21号
承泰苑酒店(北京枣园地铁站印刷学院店),191,大兴北京新机场地区黄村镇枣园路4-25号
古北水镇古北之光度假酒店,1580,古北水镇古北水镇景区内
麗枫酒店(北京石景山万达广场店),407,公主坟/五棵松/石景山游乐园地区石景山路33号
硕果潮酒店(北京大兴黄村西大街地铁站店),251,大兴北京新机场地区黄村镇兴华中路34号1幢1层
如漫酒店(北京国贸大望路地铁站店),438,国贸地区西大望路3号院2号楼
合美唯家精品酒店(北京通州运河商务区店),217,通州运河商务区故城东路11号
北京西南华邑酒店,1188,公主坟/五棵松/石景山游乐园地区太平路甲18号
北京京仪大酒店(中关村知春路地铁站店),578,中关村/五道口大钟寺东路9号
北京广安门乐家优品酒店,424,西单/金融街地区广安门内大街319号广信嘉园A座
漫居酒店(北京国贸店),590,国贸地区八里庄街道西大望路北5号
秋果S酒店(北京首都机场二店),422,首都机场/新国展地区天竺中街3号5幢、6幢
桔子水晶北京安贞酒店,974,马甸/安贞地区小黄庄北街2号2幢
北京二十一世纪饭店,454,燕莎/朝阳公园商业区亮马桥路40号
北京亚太花园酒店(环球度假区梨园地铁站店),493,环球影城度假区及周边玉桥西路103号
春天映向酒店(北京通州万达广场果园店),343,通州运河商务区新华南路77号西侧1至6层全部
麗枫酒店(北京昌平政府街店),394,昌平城区/十三陵度假区府学路甲20号
北京南山烟雨·宋·温泉度假民宿,1105,香山/八大处风景区温泉镇杨家庄村南山36号
北京富莱商务酒店(通州北关地铁站胸科医院店),258,通州运河商务区永顺路44号
北京远航国际酒店(首都机场新国展店),486,首都机场/新国展地区天竺地区府前二街1号
东方威尼斯国际酒店(北京丽泽商务区店),393,北京西站/丽泽商务区西三环南路23号5层
桔子水晶北京首都机场新国展酒店,588,首都机场/新国展地区孙河乡西甸路11号院21号楼
古北水镇御舍精品酒店,2144,古北水镇司马台村古北水镇景区
北京朝阳高铁站亚朵酒店,737,燕莎/朝阳公园商业区石佛营东里99号楼
登巴客栈(北京五道口店),128,中关村/五道口展春园西路蓟鑫大厦2-3楼
北京首都机场亚朵酒店,500,首都机场/新国展地区临空经济核心区汇海南路1号院2号楼
胜开酒店(北京苏州街地铁站店),359,中关村/五道口苏州街王公坟4号
北京东直门雅辰悦居酒店,1138,三里屯/工体/东直门地区香河园街1号院11号楼
非繁城品酒店(北京通州果园环球度假区店),409,环球影城度假区及周边九棵树西路182号
北京大兴机场亚朵X酒店,463,大兴北京新机场地区祥和街48号院189号楼
喆啡酒店(北京门头沟体育中心石担路店 ),346,门头沟/潭柘寺/妙峰山风景区石龙北路20号院1号楼
北京天元商务酒店(环球影城度假区果园地铁站店),287,环球影城度假区及周边通朝大街111号
桔子水晶北京酒仙桥酒店,818,望京/酒仙桥/798地区酒仙桥路13号
速8酒店(北京房山良乡一店),178,房山风景区广阳西路21号1幢
锦园酒店(北京望京科技园华彩中心店),494,望京/酒仙桥/798地区望京北路39号10号楼1层
麗枫酒店(北京顺义石门地铁站店),488,顺义温泉休闲区站前街正华国贸财富中心8号院1号楼11-15层
喆啡酒店(北京传媒大学双桥地铁站万达广场店),559,传媒大学/管庄地区双桥路3号万达广场 (东1门6楼)
北京重构空间酒店(天安门王府井店),735,天安门/王府井地区演乐胡同93号
喆啡酒店(北京房山区政府店),456,房山风景区拱辰北大街22-2号
维也纳智好酒店(北京新国展首都机场店),360,首都机场/新国展地区天竺镇小天竺一街天竺家园17号
西柚青年旅宿(北京国展三元桥店),163,国展中心地区朝阳党校路静安庄一区5号楼
古北云梦度假别墅(古北口水镇景区店),128,古北水镇古北口镇次一路龙湖长城源著12号楼317室前台
北京朝林松源酒店,2199,亦庄地区经济技术开发区荣华中路19号
北京国二招宾馆,1050,西直门/北京展览馆地区西直门南大街6号南门
麗枫酒店(北京首都机场新国展店),408,顺义温泉休闲区南法信镇顺沙路东杜兰段7号
富润 · 璟院 (北京王府井东四店),629,天安门/王府井地区朝内北小街甲113号
亿星酒店(北京运河商务区店),225,通州运河商务区通胡大街15号院7号楼
北京左庭上院酒店(天安门广场店),1879,前门/天坛公园/崇文门南晓顺胡同5号2幢
金鼎海天商务宾馆(北京国际展览中心朝阳馆三元桥地铁站店),328,国展中心地区左家庄北里31号楼
速8酒店(北京大兴机场草桥地铁东店),368,永定门/南站/大红门/南苑地区草桥东路14号
四季晟景酒店,386,怀柔风景区庙城镇高两河村884号
麗枫酒店(北京回龙观万科天空之城店),465,回龙观/天通苑地区回龙观镇二拨子村南侧物业楼
北京枫烨园酒店,2198,亚运村/奥体中心地区清河路135号
北京首都宾馆,1859,天安门/王府井地区前门东大街3号
星雨民宿(北京医科院肿瘤医院店),165,劲松/潘家园地区潘家园南里17号院一号楼
喆啡酒店(北京国贸商务区百子湾地铁站店),702,国贸地区东四环中路82号金长安大厦B座
空港天缘酒店(北京首都国际机场T3航站楼店),166,顺义温泉休闲区北京首都国际机场3号航站楼通顺路西侧9号
北京尚芭九号苑民宿,2272,延庆休闲度假区米粮屯村后河街东区七号
金泰之家(北京北站西直门地铁站店),373,西直门/北京展览馆地区文慧园58号
非繁城品酒店(北京南站公益西桥地铁站店),386,永定门/南站/大红门/南苑地区西马场南里一区28号楼
可米酒店(北京车公庄西地铁站阜外医院店),368,西直门/北京展览馆地区展览馆路乙26号
如家酒店(北京首都机场店),257,首都机场/新国展地区天竺镇府前一街4号
古北水镇十三妹女子温泉酒店,1400,古北水镇古北水镇景区望京街
喆啡酒店(北京大兴国际机场二店),366,大兴北京新机场地区隆丰大街1号院8号楼
瑞兆酒店(北京国贸店),380,国贸地区百子湾路37号
心动酒店(北京三里屯国展店),354,燕莎/朝阳公园商业区新源街45-1号
蜜岸花语主题酒店(北京清华长庚医院天通苑东地铁站店),240,回龙观/天通苑地区天通苑东一区公园里88号楼1单元0101
古北水镇函谷山庄酒店,1997,古北水镇司马台村古北水镇风景区内16号
北京内蒙古饭店(传媒大学店),350,传媒大学/管庄地区定福庄西街建国路甲23号
北京五棵松京荟广场美仑酒店,617,总部基地/丰台体育中心/南宫地区梅市口路133号C座1-4层
北京长富宫饭店,1258,国贸地区建国门外大街26号
艺龙瑞云酒店(北京首都机场店),251,首都机场/新国展地区货运路海关2号楼
北京渔阳房车俱乐部,1261,平谷城区东高村镇大旺务村东688号
北京五洲大酒店,676,亚运村/奥体中心地区北辰东路8号
北京翠湖花园酒店(海淀上庄水库),349,沙河大学城/上庄地区上庄镇翠湖路8号
北京光明饭店,742,燕莎/朝阳公园商业区亮马桥路42号
秋果酒店(北京五棵松301解放军总医院店),669,公主坟/五棵松/石景山游乐园地区复兴路32号院二区1号楼
古北水镇长城云居酒店,1394,古北水镇古北水镇旅游度假风景区内
如家精选酒店(北京朝阳大悦城达美中心店),594,国贸地区青年路西里2号院11号楼正泽商务
北京通州北投绿心网球酒店,465,环球影城度假区及周边绿心路8号
瓦当旅舍(北京北站平安里地铁站店),148,西直门/北京展览馆地区北帽胡同8号
蔚徕酒店(北京通州环球度假区店),547,环球影城度假区及周边运河西大街葛布店南里1号2幢3幢
北京丛林里野奢度假酒店,1257,怀柔风景区九渡河镇黄花镇村北洞村61号
北京门头沟MUSTEL木文缇酒店(上岸地铁站店),378,门头沟/潭柘寺/妙峰山风景区曹各庄中路15号院1号楼一楼
北京临空新国展亚朵酒店,614,首都机场/新国展地区双裕南小街1号院1号楼
北京德胜饭店,644,马甸/安贞地区北三环中路14号
如家酒店(北京首都机场3号航站楼店),297,首都机场/新国展地区李桥镇富壁路3号
古北水镇念城酒店,1312,古北水镇古北水镇景区内兰谷区域2号
秋果酒店(北京中日友好医院和平里地铁站店),549,国展中心地区和平街八区甲18号楼
景里酒店(北京新国展首都机场店),436,首都机场/新国展地区裕安路29号院
锦江之星(北京酒仙桥店),490,望京/酒仙桥/798地区酒仙桥中路10号
爱渡酒店(怀柔万达广场店),465,怀柔风景区南华大街6号2幢
北京西站希尔顿花园酒店,956.12,北京西站/丽泽商务区西站南路80号5号楼
海曼智慧酒店(北京丽泽西站店),447,北京西站/丽泽商务区西站南路华源西里甲5号楼威尔夏大道1层
北京鸿安艾华酒店,552,传媒大学/管庄地区管庄乡瑞祥路18号
北京雷龙宾馆(北京北站积水潭地铁站店),433,西直门/北京展览馆地区后坑胡同43号
北京明豪华美达酒店(首都机场新国展店),379,首都机场/新国展地区天竺镇府前一街13号
东方绿洲露营庄园,631,密云城区河南寨镇宁菜路山口庄甲2号
喆啡酒店(北京首都机场新国展店),324,首都机场/新国展地区后沙峪镇枯柳树西福德路临1号9号楼一层
北京丽晶酒店,1651.99,天安门/王府井地区金宝街99号
云瑶居美宿(大兴国际机场店),180,大兴北京新机场地区礼贤镇西郏河2号
北京东四饭店,474,天安门/王府井地区东四西大街大豆腐巷18号
北京总部基地CitiGO欢阁酒店,680,总部基地/丰台体育中心/南宫地区南四环西路188号十六区2号楼
北京京伦饭店,881,国贸地区建国门外大街3号
北京南站右安门桥亚朵酒店,869,永定门/南站/大红门/南苑地区东滨河路10号
布丁严选酒店(北京三里屯团结湖店),439,燕莎/朝阳公园商业区团结湖北五条甲2号
享·墅经济型独栋民宿,219,环球影城度假区及周边张家湾镇皇家新村老二区9号
北京工体儿研所馨乐庭酒店,881,三里屯/工体/东直门地区日坛北路17号院2号楼
北京绿港蓝湾酒店(首都机场新国展店),418,首都机场/新国展地区天柱东路22号
秋果酒店(北京西站六里桥东地铁站店),596,北京西站/丽泽商务区西三环南路10号1号楼
喆啡酒店(北京良乡大学城西地铁站店),287,房山风景区良乡长虹东路29号
睡眠研究所民宿,320,环球影城度假区及周边张家湾镇皇家新村湖北区12号
宜尚酒店(北京亦庄荣京东街地铁站店),657,亦庄地区亦庄经济技术开发区同济中路甲7号院6号楼105号
温馨港湾公寓(北京西直门店),516,西直门/北京展览馆地区文慧园路56号公寓
尚客优酒店(北京新国展机场店),147,首都机场/新国展地区后沙峪镇双裕东区丁1号楼
北京即家艺术酒店(北京朝阳区百子湾地铁站店),359,国贸地区百子湾西里104号楼 (金都心语2单元一层大堂)
千子桐连锁酒店(北京昌平地铁站店),218,昌平城区/十三陵度假区鼓楼西街13号
北京凯际酒店(马甸桥健德门地铁站店),543,马甸/安贞地区裕民路12号1号楼C座1层
7天优品酒店(北京十里河地铁站居然之家店),405,劲松/潘家园地区十八里店乡周家庄135号
晟都环球假日公寓,329,通州运河商务区保利大都汇A1号楼1210室
水镇美乐家别墅(古北口水镇景区店),138,古北水镇龙湖长城源著小区一期18号楼
北京京都信苑饭店,957,北京西站/丽泽商务区什坊院6号莲花桥畔
北京青山居民宿,517,平谷城区金海湖镇胡陡路郭家屯南街72号
八达岭长城铭舍民宿,305,延庆休闲度假区八达岭镇南园村别墅区01排04号
北京中银酒店(延庆国际会展中心万达广场店),229,延庆休闲度假区庆园街12号
北京准噶尔明珠酒店,477,前门/天坛公园/崇文门龙潭路8号
尚美优精选酒店(北京大兴康庄路店),247,大兴北京新机场地区康庄路2号
北京渔阳酒店,278,平谷城区新平北路39号
喆啡酒店(北京顺义石门地铁站店),329,顺义温泉休闲区府前西街6号
秋果酒店(北京望京798艺术区店),589,望京/酒仙桥/798地区酒仙桥北路2号院内
秋果酒店(北京亚运村国家会议中心店),627,亚运村/奥体中心地区亚运村小营西路11号惠新东桥北
北京空港奥竺宾馆(首都机场店),283,首都机场/新国展地区首都机场小天竺路36号
格林驿站酒店(北京十八里店南桥恒兴医院店),269,劲松/潘家园地区十八里店乡吕家营甲三号比亚迪海洋网 (北京环耀盛元) 3-4楼
桔子水晶北京长楹天街酒店,680,传媒大学/管庄地区常惠路6号楼5单元2层
十渡七里villa民宿,350,房山风景区十渡镇七度村二区35号
北京东方君悦大酒店,2332,天安门/王府井地区长安街1号东方广场
朗丽兹酒店(北京首都机场新国展店),422,首都机场/新国展地区双裕南小街1号院2号楼
枫尚酒店(北京通州运河商务区万达广场店),408,通州运河商务区新华南路8号12幢一层
北京大悦酒店,1366,"西单/金融街地区西单北大街乙131号, 西单大悦城"
京漫智旅酒店(西站丽泽商务区店),396,北京西站/丽泽商务区太平桥东局甲8号北门
泉中泉酒店(北京大兴国际机场店),131,大兴北京新机场地区礼贤镇西郏河村委会西150米路南
安境酒店(北京良乡大学城北地铁站店),266,房山风景区长阳镇阜盛大街59号院9号楼101底商
北京海德汤泉生活酒店,472,望京/酒仙桥/798地区望京西路40号
观山小筑精品度假别墅(古北口水镇景区店),108,古北水镇古北口镇龙湖长城源著12号楼507
目田客栈(北京五道口地铁站店),154,中关村/五道口五道口东升园华清嘉园13号楼1A、1B、1C
喆啡酒店(北京房山长阳地铁站店),376,房山风景区长阳镇康泽路9号院8号楼
星空梦别墅,255,古北水镇古北口镇龙湖长城源着小区11栋308室
柏客智享公寓(密云鼓楼国泰百货店),196,密云城区长安街一号东楼8层807
云郦酒店(北京通州运河商务区店),497,通州运河商务区新华大街车站路8号
格兰云天·阅酒店(北京奥宇店),543,大兴北京新机场地区金星路12号院1号楼
北京国贸CBD亚朵S酒店xFunsCenter,975,国贸地区西大望路甲2号
星程酒店(北京北苑路北地铁站航空总医院店),423,亚运村/奥体中心地区红军营168号二层至四层
7天连锁酒店(北京鸟巢国家会议中心店),502,亚运村/奥体中心地区小营路8号
麗枫酒店(北京丰体南路卢沟桥路店),518,总部基地/丰台体育中心/南宫地区卢沟桥街道五里店北里一区京辰瑞达大厦
北京东方创享健康中心酒店,649,西直门/北京展览馆地区北洼路28号楼商住楼2号梯3楼
北京大兴大悦春风里黄村西大街漫心酒店,542,大兴北京新机场地区黄村镇兴华中路34号1幢1-6层
王府井永光酒店,664,天安门/王府井地区东安门大街51号
北京东直门亚朵S酒店,922,国展中心地区香河园路左家庄15号
北京世园汤泉酒店,666,延庆休闲度假区延庆镇阜康南路1号院1号楼B
北京瑰丽酒店,3172,国贸地区呼家楼京广中心
秋果酒店(北京总部基地店),517,总部基地/丰台体育中心/南宫地区外环西路26号院66号
和颐酒店(北京朝阳大悦城传媒大学财满街店),424,国贸地区朝阳路高井176号
北京零点青年旅社,50,劲松/潘家园地区弘善家园204号楼
北京中安宾馆(建国门北京站店),590,北京站北京站东街大羊毛胡同盔甲厂6号
NICE·美宿(北京良乡大学城店),231,房山风景区学园北街26号院12号楼5层513
秋果酒店(北京会议中心鸟巢北苑店),639,亚运村/奥体中心地区北苑路辅路96号院西门
柏曼酒店(北京南站草桥地铁站店),408,永定门/南站/大红门/南苑地区镇国寺北街百姓生活广场6号楼2层
北京威尼斯假日酒店(顺义地铁站店),265,顺义温泉休闲区金汉绿港二区1号楼
東南西.禅舍,384,环球影城度假区及周边台湖镇东下营村22号
福雨宏民宿(北京大兴国际机场店),120,大兴北京新机场地区礼贤镇西郏河街南一条7号
秋果S酒店·1924(北京五棵松解放军301总医院店),698,公主坟/五棵松/石景山游乐园地区复兴路32号院二区37号楼
北京八雅公寓(同仁医院亦庄分院荣昌东街地铁站店),195,亦庄地区景园北街2号院经开尚庭67号楼1507号
北京小米长安短租公寓(长安天街上岸地铁站店),284,门头沟/潭柘寺/妙峰山风景区金沙西街西长安壹号32号院3号楼4层414室
北京王府半岛酒店,2600,天安门/王府井地区王府井金鱼胡同8号
北京源著小舍别墅,188,古北水镇古北水镇长城源著一期1号楼
花筑·北京遇见山居民宿(黄花城水长城店),267,怀柔风景区九渡河镇二道关村228号
北京平谷万达美华酒店,390,平谷城区新平南路甲120号
暖窝青年旅舍(北京十里河地铁站店),51,劲松/潘家园地区朝阳十里河弘善家园213号楼411室
喆啡酒店(北京通州友谊医院宋庄艺术区店),376,通州运河商务区潞苑南里9号楼
如家酒店(北京西客站六里桥东地铁站店),484,北京西站/丽泽商务区太平桥西路华源一里3-4号楼
麗枫酒店(北京房山长阳地铁站店),489,房山风景区长阳镇福泽路1号院1号楼1层101室
北京观星嬉水精品民宿(密云水库店),356,密云水库溪翁庄镇石墙沟村11号
北京世纪黄山酒店(前门大街店),460,前门/天坛公园/崇文门仁寿路5号
北京猫主子公寓(南法信地铁站店),348,顺义温泉休闲区旭辉26街区南区6栋108
定合青年酒店(北京南站草桥地铁站店),88,永定门/南站/大红门/南苑地区北甲地路6号院玺萌丽苑7号楼四层
玲珑轩美宿(大兴国际机场店),197,大兴北京新机场地区礼贤镇东郏河村东源巷西一条4号
北京中矿宾馆(雍和宫地铁站地坛店),485,国展中心地区安定门外大街168号
麗枫酒店(北京房山良乡大学城北地铁站店),473,房山风景区长阳镇辛瓜地路12号院1号楼3层321
北京三里屯CHAO酒店,1812,三里屯/工体/东直门地区工人体育场东路4号
北京四季酒店,2059,燕莎/朝阳公园商业区亮马桥路48号
如家商旅酒店(北京郭公庄地铁站店),439,总部基地/丰台体育中心/南宫地区郭公庄中街16号院1号楼112室
佳龙酒店(北京朝阳门分店),554,三里屯/工体/东直门地区朝内大街75号院7号楼
北京18HOW前门葡萄院子,851,前门/天坛公园/崇文门煤市街南口培英胡同18号
桔子酒店(北京通州环球北运河店),522,通州运河商务区潞通大街191号
瑰悦酒店(北京新国展首都机场店),549,首都机场/新国展地区天竺空港工业区天纬四街10号院1号楼
IU酒店(北京西站丽泽商务区六里桥东地铁站店),464,北京西站/丽泽商务区西三环南路6号
北京南站亚朵酒店,1124,前门/天坛公园/崇文门儒福里40号
丽怡酒店(北京潘家园方庄地铁站店),695,劲松/潘家园地区方庄南路2号
非繁城品酒店(北京三环肿瘤医院十里河地铁站店),432,劲松/潘家园地区大洋路8号
北京建国门CBD亚朵轻居酒店,736,国贸地区建华南路11号
琳宜酒店(学院南路中央财经大学店),376,中关村/五道口学院南路51号
赛特饭店,918,国贸地区建国门外大街22号
海友酒店(北京方庄地铁站店),378,劲松/潘家园地区左安门外饮马井45号
米假日酒店(北京大兴国际机场店),177,大兴北京新机场地区庞各庄镇瓜乡桥路32号院6号楼
麗枫酒店(北京良乡大学城苏庄地铁站店),422,房山风景区长虹西路55号1幢1层
北京望京798亚朵X酒店,790,望京/酒仙桥/798地区酒仙桥路13号151号楼A座1-4层
乐活新青年社区(北京望京798艺术区店),333,望京/酒仙桥/798地区酒仙桥路2号院11所38号楼一层104
汉庭酒店(北京顺义南法信店),308,顺义温泉休闲区南法信镇信中街12号院12号楼
色彩和光酒店(北京西站军事博物馆店),568,公主坟/五棵松/石景山游乐园地区木樨地茂林居9号楼
秋果S酒店(北京国家会议中心鸟巢店),871,亚运村/奥体中心地区慧忠里233号楼
秋果酒店X(北京高碑店地铁站店),526,国贸地区高碑店村1区3号楼
桔子水晶北京前门酒店,1011,前门/天坛公园/崇文门香厂路41号
栖湖饭店,899,怀柔风景区怀北镇雁秀路11号
桔子水晶北京王府井大街酒店,1305,天安门/王府井地区东安门大街18号
北京合意居民宿(怀柔渤海所店),294,怀柔风景区渤海所村1075号
北京喜乐家悦·私汤民宿,170,延庆休闲度假区延庆镇北关村185号
维凡酒店(北京北医三院牡丹园地铁站店),671,亚运村/奥体中心地区花园东路32号仰源大厦A座
京澜亭酒店(北京万盛东地铁站店),706,环球影城度假区及周边万盛南街万盛东地铁站往东100米路北
北京佳兆业铂域行政公寓,1550,国贸地区建国路86号佳兆业广场南塔
康福瑞酒店(北京三元桥燕莎使馆区店),497,燕莎/朝阳公园商业区霄云路网信大厦B座15楼
北京凡与不凡私汤民宿(古北口店),565,古北水镇古北口镇汤河村秋千峪上庄子9号
北京十幽民宿(十渡拒马乐园店),364,房山风景区十渡镇九渡村南街33号
base佰舍服务式公寓(北京三里屯工体店),619,三里屯/工体/东直门地区工体北路幸福一村10巷2号
北京万年青宾馆,468,西直门/北京展览馆地区西三环北路25号
北京大兴国际机场木棉花酒店,708,大兴北京新机场地区北京大兴国际机场综合服务楼一层苑景路2号A1008号
北京天安门王府井步行街亚朵酒店,1406,天安门/王府井地区王府井大街241号
北京朝阳路大悦城亚朵酒店,904,国贸地区甘露园57号
北京兴和居酒店(密云区政府店),109,密云城区季庄小区21号
北京吾感酒店(西四地铁站店),452,天安门/王府井地区西四北大街158号1层
北京福永御龙国际酒店,359,首都机场/新国展地区空港B区融慧园1号
北京三里屯工体北路亚朵酒店,720,三里屯/工体/东直门地区幸福二村24号楼一层
北京小隐星辰精品度假酒店公寓,148,古北水镇次一路龙湖长城源著36-103
初见服务式公寓(北京丰台科技园诺德中心店),445,总部基地/丰台体育中心/南宫地区诺德中心二期9号楼10号楼
如家酒店(北京丰台火车站泥洼地铁站店),355,北京西站/丽泽商务区丰管路22号
北京石景山游乐园希尔顿欢朋酒店,676,公主坟/五棵松/石景山游乐园地区八角东路25号院
北京门头沟智选假日酒店,434,门头沟/潭柘寺/妙峰山风景区银盛北路10号院3号楼
北京童牛影视小镇私汤度假庄园,312,怀柔风景区庙城镇桃山村临756号
北京右安门西铁营地铁站亚朵酒店,1362,永定门/南站/大红门/南苑地区福宜街5号院1号楼新时代国际中心A座
北京朝阳北路长楹天街亚朵酒店,720,传媒大学/管庄地区管庄路150号院2号楼
商隐服务公寓(北京世界侨商中心店),270,通州运河商务区世界侨商中心十号楼
青季酒店MINI(北京总部基地世界公园店),327,总部基地/丰台体育中心/南宫地区丰葆路23号1楼
北京金融街亚朵酒店,1089,西单/金融街地区新文化街82号
北京崇文门饭店,821,前门/天坛公园/崇文门崇文门西大街2号
北京望京科技园亚朵酒店,808,望京/酒仙桥/798地区宏昌路望京西园1区119号楼北侧
桔子水晶北京丰台火车站总部基地酒店,753,总部基地/丰台体育中心/南宫地区恒富中街2号院1号楼
速8精选酒店(北京怀柔开放路店),378,怀柔风景区开放路9号2-6层
新坞·隐山民宿(北京八达岭店),437,延庆休闲度假区八达岭镇程家窑村 108号
北京华商酒店(三元桥燕莎使馆区店),567,燕莎/朝阳公园商业区霞光里5号1号楼
日出隐巷·观景休闲度假Villa山宿(十渡景区店),256,房山风景区十渡镇八渡村三区路下13号
THE HUMBLE 厚居酒店(北京国家会议中心鸟巢店),808,亚运村/奥体中心地区安慧北里安园8号楼
古北心灵E栈水镇度假别墅(古北口水镇店),149,古北水镇古北口镇司马台村1号院龙湖长城源著小区一期20号楼110室
北京励骏酒店,1595,天安门/王府井地区金宝街92号
芦庐·长城景观民宿(北京八达岭水关长城店),386,延庆休闲度假区八达岭镇石佛寺村13号院
城市优选酒店(北京潘家园古玩城劲松地铁站店),466,劲松/潘家园地区农光南里1号楼龙辉大厦一层
长城·宿集民宿(北京八达岭店),338,延庆休闲度假区程家窑村乙8号
花筑·北京仙居禅庭民宿(延庆八达岭长城店),248,延庆休闲度假区八达岭镇岔道村274号
凯里亚德酒店(北京昌平科技园水南路店),431,昌平城区/十三陵度假区马池口镇百泉花园1号楼5-6层
御道山居私汤民宿(古北口水镇店),358,古北水镇古北口古镇北古口村西队主街87号
北京世纪金源大饭店,1182,西直门/北京展览馆地区板井路69号
北京君颐东方饭店,728,公主坟/五棵松/石景山游乐园地区太平路27号院
北京云逸酒店(首都机场店),342,首都机场/新国展地区李天路南半壁店段11号环宇科技园B座
北京索菲特大酒店,1457,国贸地区建国门南大街2号
北京凯盛兴丰国际酒店,312,首都机场/新国展地区天竺镇天柱东路2号
北京云水遥山居,388,昌平城区/十三陵度假区石梨路十三陵镇碓臼峪村70号
北京一年四季民宿(八达岭店),310,延庆休闲度假区八达岭镇岔道村154号
北京亚运村国家会议中心亚朵酒店,860,亚运村/奥体中心地区北苑路170号3号楼凯旋中心C座
北京丽思卡尔顿酒店(华贸中心),1805,国贸地区华贸中心建国路甲83号
北京帝豪华庭公寓(南法信地铁站店),275,顺义温泉休闲区旭辉26街区
麗枫酒店(大兴机场清源路地铁站大悦城店),437,大兴北京新机场地区黄村镇龙河路18号
馨香雅苑公寓(北京天安门王府井店),761,天安门/王府井地区朝阳门内大街288号 (1129室办理入住)
拾光之夏环影民宿,465,环球影城度假区及周边台湖镇唐大庄村85号
十号臻选民宿(北京成寿寺地铁站店),396,劲松/潘家园地区钟萃路3号院1号楼1单元
北京北平国际青年旅舍,240,后海/南锣鼓巷地区南锣鼓巷113-2号
北京中关村北外亚朵S酒店,966,西直门/北京展览馆地区西三环北路19-1号
国槐芳熙四合院酒店(北京广安门地铁站店),648,西单/金融街地区报国寺西夹道32号院
北京通州北投希尔顿酒店,1550.78,通州运河商务区新华东街289号2号楼
北京外国专家大厦,588,亚运村/奥体中心地区北四环中路华严北里8号
北京国贸劲松地铁站亚朵酒店,860,劲松/潘家园地区潘家园东里18号
北京大红门银泰亚朵酒店,834,永定门/南站/大红门/南苑地区马家堡东路168号院海上海花园9号楼、20号楼
柒屿·陇上山居私汤民宿(妙峰山店),488,门头沟/潭柘寺/妙峰山风景区妙峰山镇陇驾庄村东临27号
北京雍和宫和平里亚朵X酒店,790,马甸/安贞地区兴化路9号小黄庄一区15号楼
勿忘山·归谷精品民宿(北京八达岭店),312,延庆休闲度假区八达岭镇三堡村12号
建国铂萃酒店(北京环球度假区店),1708,环球影城度假区及周边荟萃南路群芳二园东区69号楼
北京东创假日酒店,689,亦庄地区亦庄东区东创大厦B座
北京八达岭长城竹园民宿,228,延庆休闲度假区八达岭镇岔道村126号
秋果酒店(北京望京SOHO店),669,望京/酒仙桥/798地区阜通东大街18号
花筑·北京长城十六号院民宿(水长城店),276,怀柔风景区九渡河镇二道关村202号
花筑·北京怀柔区美自悠然民宿,247,怀柔风景区九渡河镇黄花镇村263号
喆啡酒店(北京西站军事博物馆店),750,北京西站/丽泽商务区北蜂窝路5号院3号楼
北京汇豪国际酒店,358,房山风景区窦店镇窦大路甲8号
喆啡酒店(北京大兴新媒体公安大学店),317,大兴北京新机场地区科苑路30号院1号楼1层
花筑·北京凤栖别院民宿(怀柔雁栖湖景区店),363,怀柔风景区怀北镇西庄村246号
7号美宿(大兴机场一店),187,大兴北京新机场地区庞各庄镇北顿垡村东一条7号
秋果酒店智选 (北京北七家温都水城店),474,回龙观/天通苑地区北七家镇宏福10号院8号楼1号
北京后海鼓楼四合院漫心府,1756,后海/南锣鼓巷地区旧鼓楼大街西绦胡同2号
锦江之星品尚(北京密云开发区店),200,密云城区康宝路12号
十渡漫渡山居·民宿(十渡风景区店),178,房山风景区十渡镇八渡村三区路上3号
北京燕莎中心凯宾斯基饭店,1216,燕莎/朝阳公园商业区亮马桥路50号
全季酒店(北京大兴机场野生动物园店),481,大兴北京新机场地区榆南路祥和街48号院首开璞瑅墅A栋189号
全季酒店(北京长楹天街店),640,传媒大学/管庄地区常营乡管庄路与朝阳北路交叉口东方华瑞北区8号楼八层A801号至A813九层A901号至A913号
北京翰林宴西单饭店,488,西单/金融街地区西单大木仓北一巷1号
北京黄花城水长城漫心府,537,怀柔风景区九渡河镇石湖峪201号院13号楼1层
北京柏悦酒店,2390,国贸地区建国门外大街2号
仁合山居·北京GINGKO私汤民宿(清凉谷店),461,清凉谷风景区石城镇对贾路44号
北京总部基地亚朵酒店,764,总部基地/丰台体育中心/南宫地区南四环西路188号总部基地二区12号楼
璞瑅公寓(北京南站草桥地铁站店),550,永定门/南站/大红门/南苑地区草桥路1号院2号楼1713号
北京米家·秋果酒店X(北京南站丰台区政务服务中心店),527,永定门/南站/大红门/南苑地区大红门街道金泰商贸大厦一层116
北京朝阳悠唐皇冠假日酒店,1266,三里屯/工体/东直门地区三丰北里3号
北京千禧大酒店,1225,国贸地区东三环中路7号
桔子水晶北京天坛酒店,864,永定门/南站/大红门/南苑地区安乐林路10号13幢
花筑·和园四合院轻奢酒店(北师大积水潭地铁站店),733,西直门/北京展览馆地区文慧园路志强北园1号
北京海淀花园饭店,680,亚运村/奥体中心地区花园东路30号
速8精选酒店(北京苹果园杨庄地铁站店),410,公主坟/五棵松/石景山游乐园地区杨庄大街2号12幢一层至六层
水岸villa私汤民宿(北京八渡河岭店),294,怀柔风景区渤海镇八渡河岭村58号
桔子酒店(北京学院路店),846,中关村/五道口志新西路3-1号
北京三里屯通盈中心洲际酒店,1930,三里屯/工体/东直门地区南三里屯1号楼
喆啡酒店(北京王府井大街协和医院店),741,天安门/王府井地区王府井大街176号丹耀大厦6层
7天连锁酒店(北京潘家园古玩城中科院肿瘤医院店),401,劲松/潘家园地区华威路华威西里25号楼
元和酒店(北京华北电力大学店),322,回龙观/天通苑地区回龙观镇昌平路327号
亲然亲子花园·见山温泉度假Villa(怀柔河防口长城店),282,怀柔风景区怀北镇河防口村64号
宜尚酒店(北京天安门广场前门地铁站店),922,前门/天坛公园/崇文门前门大街甲2号1幢
花语舍小院,679,延庆休闲度假区京银路小河屯村公园东侧约100米
皓阳文化酒店(北京前门大栅栏西街店),574,前门/天坛公园/崇文门大栅栏西街53号
北京庭前院后民宿,376,密云城区北顺街39号
北京临空假日酒店(首都机场新国展店),513,顺义温泉休闲区南法信镇南陈路35号
琳宜精选酒店(北京通州万盛东地铁店),474,环球影城度假区及周边梨园镇荟萃园小区B座三层
轻联富润酒店(北京站店),635,北京站袍子河东巷19号
桔子水晶北京国贸合生汇酒店,919,国贸地区西大望路15号外企大厦D座
北京华商壹棠服务公寓,627,国贸地区延静西里2号
7天优品酒店(北京望京SOHO阜通地铁站店),384,望京/酒仙桥/798地区望京西园428号
东甲一号(大兴国际机场店),166,大兴北京新机场地区礼贤镇东郏河街西四条南二排5号门
北京中关村软件园希尔顿欢朋酒店,668,香山/八大处风景区亮甲店东路8号院1号楼
环影城堡酒店,448,环球影城度假区及周边唐大庄村90号
北京古北口水镇龙潭珊景观别墅,286,古北水镇古北口镇司马台新村龙湖长城源著二期24号楼104接待处
北京果然小筑私汤民宿,197,延庆休闲度假区九渡河镇杏树台村夹石塘11号
北京友谊宾馆贵宾楼,867,中关村/五道口中关村南大街1号贵宾楼
漫曲酒店(北京动物园财经大学店),743,中关村/五道口学院南路33号
云莱·山舍民宿(北京云居寺店),165,房山风景区大石窝镇水头村河北街14号
非繁城品酒店(北京中医药大学学术交流中心店),488,国展中心地区北三环东路11号
宜珵酒店(北京怀柔青春路店),400,怀柔风景区青春路富乐小区北里24号楼
喆啡酒店(北京大兴绿地缤纷城枣园地铁站店),445,大兴北京新机场地区枣园巷1号院4号楼
北京石城云栖民宿(清凉谷风景区店),419,清凉谷风景区石城镇张家坟村一区54号
速8酒店(北京总部基地店),292,总部基地/丰台体育中心/南宫地区外环西路26号院12号楼
北京世纪阳光假日酒店,249,密云城区滨河路26号
Parkside Inn 帕格森蒂·悦居酒店(北京南站店),670,永定门/南站/大红门/南苑地区西革新里120号东门
香柏艺术酒店(北京南锣鼓巷后海店),736,后海/南锣鼓巷地区菊儿胡同33号13幢
北京国谊宾馆,760,西直门/北京展览馆地区文兴东街1号
秋果酒店(北京华贸店),766,国贸地区慈云里甲1号
北京古北情缘度假别墅(古北口水镇景区店),128,古北水镇古北口镇龙湖长城源著17号楼
花筑·北京响水湖臻舍民宿,99,怀柔风景区渤海镇大榛峪村旺泉峪15号
秋果酒店(北京三元桥使馆区店),699,燕莎/朝阳公园商业区霄云路25号乙43幢
北京国贸西大望路亚朵酒店,834,劲松/潘家园地区西大望路27号144号楼
麗枫酒店(北京天安门广场前门地铁站店),759,前门/天坛公园/崇文门珠市口东大街346号金霖酒店1-3层
潜渊民宿,392,怀柔风景区怀北镇大水峪村241号
北京乐活谷雨酒店,386,香山/八大处风景区苹果园南路9号
遇见·未来山泉私汤度假民宿(八达岭长城店),377,延庆休闲度假区八达岭镇岔道村289号
华晶智选酒店(北京天通苑南地铁站店),429,回龙观/天通苑地区东小口镇天通西苑一区45号楼-1至3层101
云来阁小院(大兴国际机场店),130,大兴北京新机场地区礼贤镇东郏河村杨贺路南一条39号
北京渔阳饭店,708,三里屯/工体/东直门地区新源西里中街18号
全顺兴商务公寓(中关村人民大学地铁站店),513,中关村/五道口铸诚大厦B座18层
极速电竞酒店(丰台站店),359,北京西站/丽泽商务区育菲园小区东里3号楼底商
商隐服务公寓(北京新光大中心店),288,通州运河商务区新光大中心9A座永顺南街与北关大道交叉口
北京璞瑄酒店,2187,天安门/王府井地区王府井大街1号
秋果酒店·智选(北京301医院青塔西路店),529,公主坟/五棵松/石景山游乐园地区青塔蔚园3号楼
花筑·仙居猫小院(八达岭长城店),367,延庆休闲度假区八达岭镇岔道村35号
